id,dataset_path,device,output_to,output_model_weights_to,verbose,dt_splits,dt_samples_limit,dt_full_test_set,dt_templates,dt_apply_template,dt_ess_sm_path,dt_extra_similar_sents,dt_ess_sm_k,dt_ess_sm_batch_size,dt_sents_vector_type,nn_reload_weights_from,nn_store_model_weights,nn_batch_size,nn_epochs,nn_grad_clipping,nn_use_scheduler,nn_scheduler_power,nn_dropout_prob,nn_optimizer,nn_opt_momentum,nn_bbox_hidden_dim,nn_opt_learning_rate,nn_wd,nn_film_layers,nn_fg_bg_percentile,nn_giou_lambda,nn_l1_lambda,nn_bce_lambda,comb_id,nn_scheduler,test_losses,train_losses,avg_iou_accuracy,exp_id
1,dataset/refcocog,cuda,output,models/mynet.pth,False,"['test', 'train', 'val']",10,True,"['a photo of {}', '{} in the picture', '{} in the foreground/background', 'an image showing {}']",True,matrices,False,1,512,Mean,,True,32,3,True,True,0.7,0.3,AdamW,0.9,512,1e-05,1e-06,3,80,0,0,2,false_true_1_3_true_0.7_true_adamw_0.3_1e-05_512_1e-06_0_0_2,True,"[0.6431286334991455, 1.581089735031128, 0.7186514735221863, 0.9186366200447083, 0.6912699937820435, 0.489643394947052, 0.5859299898147583, 0.6638351678848267, 0.8251332640647888, 0.6401798725128174, 0.7061524987220764, 0.5995711088180542, 0.6512632966041565, 0.5965859889984131, 0.6776578426361084, 0.6607362031936646, 0.6761868596076965, 0.5270150899887085, 0.7269443869590759, 0.6074537038803101, 0.7942811250686646, 0.8683056235313416, 0.660714864730835, 0.7162991762161255, 0.6279335021972656, 0.6680617332458496, 0.6765364408493042, 0.585712194442749, 0.6061151027679443, 0.8516353368759155, 0.683366060256958, 0.6958411931991577, 0.663264274597168, 0.7000253200531006, 0.5911777019500732, 0.5682436227798462, 0.5732622146606445, 0.6646825075149536, 0.7128321528434753, 0.8018293380737305, 0.6768364906311035, 0.661318302154541, 0.7814158201217651, 0.6579591035842896, 0.7361042499542236, 0.7787500619888306, 0.5448384284973145, 0.72803795337677, 0.687106728553772, 0.8267137408256531, 0.6221311092376709, 0.7723796367645264, 0.6223779320716858, 0.6951602697372437, 0.7166413068771362, 0.6437104940414429, 0.8272793889045715, 0.8606460690498352, 0.8227270841598511, 0.6954774856567383, 0.5981572866439819, 0.6121460199356079, 0.8056039810180664, 0.7402002811431885, 0.9275304675102234, 0.6291608214378357, 1.0875146389007568, 0.6794844269752502, 0.6761487722396851, 0.703151285648346, 0.6694158911705017, 0.596225380897522, 0.6452263593673706, 0.570926308631897, 0.7502633929252625, 0.7473223209381104, 0.6647682785987854, 0.7742824554443359, 0.5913625955581665, 0.8897056579589844, 0.6783085465431213, 0.6975293159484863, 0.596772313117981, 0.6509097814559937, 0.5883556008338928, 0.728466272354126, 0.7483848929405212, 0.6507484316825867, 0.7484996318817139, 0.7114191651344299, 0.7363396883010864, 0.6560890674591064, 0.8878641128540039, 0.6158398389816284, 0.6823439598083496, 0.5618431568145752, 0.6955013275146484, 0.6610968112945557, 0.8766501545906067, 0.6832161545753479, 0.5538498163223267, 0.6080328226089478, 0.7225649356842041, 0.6816287040710449, 0.6445869207382202, 0.7357008457183838, 0.6878337860107422, 0.7545764446258545, 0.6655333042144775, 0.6836845874786377, 0.5738793611526489, 0.5919169187545776, 0.5495705008506775, 0.6058173179626465, 0.5780439972877502, 0.6450015306472778, 0.8653442859649658, 0.8154498338699341, 0.6750043034553528, 0.8722155690193176, 0.6865260601043701, 0.8477783203125, 0.6919783353805542, 0.805091142654419, 0.669376015663147, 0.5636152029037476, 0.6539382934570312, 0.678578794002533, 0.6255226135253906, 0.7615751028060913, 1.021867036819458, 0.6186892986297607, 0.6765719652175903, 0.6710200905799866, 0.7478662729263306, 0.604011595249176, 0.773901104927063, 0.8174792528152466, 0.7750778198242188, 0.8487207889556885, 0.5951695442199707, 0.6503328084945679, 0.7091702818870544, 0.6387879848480225, 0.9871288537979126, 0.6868018507957458, 0.6324849724769592, 0.649442195892334, 0.6328200101852417, 0.7436957955360413, 1.0905771255493164, 0.638724684715271, 0.6683651208877563, 0.7073308229446411, 0.5988694429397583, 0.5836959481239319, 0.792966902256012]","[0.859126454501441, 1.3544037080172338, 1.1056150568254066]",0.2412,1
2,dataset/refcocog,cuda,output,models/mynet.pth,False,"['test', 'train', 'val']",10,True,"['a photo of {}', '{} in the picture', '{} in the foreground/background', 'an image showing {}']",True,matrices,False,1,512,Mean,,True,32,3,True,True,0.7,0.3,AdamW,0.9,512,1e-05,1e-06,3,80,0,0.001,0,false_true_1_3_true_0.7_true_adamw_0.3_1e-05_512_1e-06_0_0.001_0,True,"[0.36275622248649597, 0.4190877676010132, 0.3895017206668854, 0.41457489132881165, 0.4124111533164978, 0.37231478095054626, 0.3641103506088257, 0.4059578478336334, 0.42397573590278625, 0.4120383560657501, 0.3816669285297394, 0.3867933452129364, 0.42967331409454346, 0.4119783937931061, 0.40511763095855713, 0.3970036804676056, 0.3557656407356262, 0.40363645553588867, 0.390956848859787, 0.4030899703502655, 0.3837380111217499, 0.4063434898853302, 0.33450832962989807, 0.4032803475856781, 0.3682367503643036, 0.38299646973609924, 0.38996413350105286, 0.4048507809638977, 0.38979244232177734, 0.3637886643409729, 0.3719141483306885, 0.4089515507221222, 0.35491856932640076, 0.4097844958305359, 0.4289090037345886, 0.4104610085487366, 0.3769400119781494, 0.42378532886505127, 0.3357410430908203, 0.38604938983917236, 0.40956929326057434, 0.42617708444595337, 0.3841710686683655, 0.37926119565963745, 0.3471977710723877, 0.43177473545074463, 0.37721237540245056, 0.3957720994949341, 0.399079293012619, 0.3661666512489319, 0.4253363311290741, 0.4055486023426056, 0.3698800802230835, 0.3662656545639038, 0.3925231993198395, 0.4081420600414276, 0.433429092168808, 0.4118751287460327, 0.3910558223724365, 0.4689688980579376, 0.4168146848678589, 0.39403200149536133, 0.39525488018989563, 0.38750025629997253, 0.3923379182815552, 0.4189215898513794, 0.37374940514564514, 0.4339711368083954, 0.3989649713039398, 0.4155101478099823, 0.41965168714523315, 0.3887723684310913, 0.40870556235313416, 0.43593379855155945, 0.3365098536014557, 0.4140552580356598, 0.41973432898521423, 0.39065492153167725, 0.4231659770011902, 0.37227803468704224, 0.3728742301464081, 0.40650659799575806, 0.3591105043888092, 0.4038179814815521, 0.4031079411506653, 0.3936334252357483, 0.39663785696029663, 0.4107469618320465, 0.3543563485145569, 0.3903876841068268, 0.42360180616378784, 0.3273513615131378, 0.40945571660995483, 0.36349809169769287, 0.39105573296546936, 0.41715002059936523, 0.4062548875808716, 0.3698059618473053, 0.39515626430511475, 0.4174824059009552, 0.39296144247055054, 0.383286714553833, 0.3962267339229584, 0.40261581540107727, 0.39687350392341614, 0.42637932300567627, 0.4213723838329315, 0.3773958384990692, 0.42149314284324646, 0.43947750329971313, 0.40404078364372253, 0.4347155690193176, 0.42859578132629395, 0.3671407997608185, 0.4458047151565552, 0.4366123080253601, 0.3600280284881592, 0.3780355453491211, 0.3921959400177002, 0.35775813460350037, 0.314262717962265, 0.41854414343833923, 0.369840145111084, 0.4457775354385376, 0.40472957491874695, 0.38120734691619873, 0.3689256012439728, 0.42080986499786377, 0.41493290662765503, 0.43127262592315674, 0.44640371203422546, 0.3565422594547272, 0.39036116003990173, 0.44803178310394287, 0.42808103561401367, 0.4107576012611389, 0.40407487750053406, 0.4218042194843292, 0.45662638545036316, 0.40548354387283325, 0.4416777491569519, 0.4489612877368927, 0.3499419093132019, 0.43041038513183594, 0.37770724296569824, 0.4077167510986328, 0.37099987268447876, 0.4040469527244568, 0.3843342959880829, 0.4297114610671997, 0.3919103443622589, 0.4036122262477875, 0.43161484599113464, 0.4357709586620331, 0.36838966608047485, 0.39662227034568787, 0.4203377366065979]","[0.40817758576436475, 0.40562416884032165, 0.4041252303304094]",0.1951,2
3,dataset/refcocog,cuda,output,models/mynet.pth,False,"['test', 'train', 'val']",10,True,"['a photo of {}', '{} in the picture', '{} in the foreground/background', 'an image showing {}']",True,matrices,False,1,512,Mean,,True,32,3,True,True,0.7,0.3,AdamW,0.9,512,1e-05,1e-06,3,80,0,0.001,2,false_true_1_3_true_0.7_true_adamw_0.3_1e-05_512_1e-06_0_0.001_2,True,"[1.0065268278121948, 1.169721245765686, 1.08487069606781, 1.2383021116256714, 1.088405728340149, 0.9486041069030762, 1.0160243511199951, 1.098633885383606, 1.2478562593460083, 1.0790833234786987, 1.1269667148590088, 1.0613585710525513, 1.1295872926712036, 1.0669468641281128, 1.0948970317840576, 1.1023874282836914, 1.0915590524673462, 0.9686681032180786, 1.1575958728790283, 1.0530884265899658, 1.1302952766418457, 1.223319172859192, 1.0364196300506592, 1.143329381942749, 1.0429816246032715, 1.0633883476257324, 1.0702159404754639, 1.0289394855499268, 1.0431777238845825, 1.1442277431488037, 1.0684289932250977, 1.137466311454773, 1.0301260948181152, 1.147378921508789, 1.0689913034439087, 1.0108661651611328, 1.001904845237732, 1.1079813241958618, 1.0611538887023926, 1.2089589834213257, 1.0886842012405396, 1.0824328660964966, 1.1887956857681274, 1.0694329738616943, 1.107297658920288, 1.1558196544647217, 0.9696485996246338, 1.1452300548553467, 1.0641229152679443, 1.154674768447876, 1.0612375736236572, 1.1850980520248413, 1.029853343963623, 1.0638351440429688, 1.1079269647598267, 1.1085623502731323, 1.1699035167694092, 1.251779556274414, 1.2377593517303467, 1.2061078548431396, 1.0838245153427124, 1.029157042503357, 1.213019847869873, 1.145866870880127, 1.391996145248413, 1.085295557975769, 1.2723884582519531, 1.1436651945114136, 1.0833709239959717, 1.156903862953186, 1.133533239364624, 1.0639076232910156, 1.1395930051803589, 1.0507155656814575, 1.0347881317138672, 1.138465166091919, 1.1243523359298706, 1.1815319061279297, 1.094191551208496, 1.12904953956604, 1.1030867099761963, 1.118173360824585, 0.9936274290084839, 1.0779708623886108, 1.0254522562026978, 1.122328519821167, 1.1600438356399536, 1.117976188659668, 1.0996556282043457, 1.1654880046844482, 1.2023450136184692, 1.0128741264343262, 1.2167532444000244, 1.047250747680664, 1.1259098052978516, 1.049267292022705, 1.1333144903182983, 1.0671563148498535, 1.072378158569336, 1.1416014432907104, 0.9992679357528687, 1.0505051612854004, 1.1338475942611694, 1.1352813243865967, 1.0850666761398315, 1.1836068630218506, 1.1222846508026123, 1.1402196884155273, 1.1361912488937378, 1.1625906229019165, 1.029608130455017, 1.143709659576416, 1.0282750129699707, 1.037593126296997, 1.0725339651107788, 1.136959433555603, 1.323783040046692, 1.1822075843811035, 1.0786452293395996, 1.205735445022583, 1.0282659530639648, 1.195492148399353, 1.0665373802185059, 1.100365161895752, 1.1036198139190674, 0.9928444623947144, 1.0854761600494385, 1.136292815208435, 1.075057029724121, 1.1865383386611938, 1.3250524997711182, 1.005185842514038, 1.0816599130630493, 1.191277027130127, 1.1820969581604004, 1.0675005912780762, 1.1123042106628418, 1.2232036590576172, 1.1911933422088623, 1.2367231845855713, 1.0975862741470337, 1.1052803993225098, 1.0838775634765625, 1.1111772060394287, 1.1482124328613281, 1.1536288261413574, 1.073423981666565, 1.1005672216415405, 1.0734188556671143, 1.1592990159988403, 1.1219795942306519, 1.0841460227966309, 1.1564006805419922, 1.166529893875122, 1.0298006534576416, 1.0428099632263184, 1.19182550907135]","[1.2650414949113673, 1.3090546085979, 1.2764138055570198]",0.1951,3
4,dataset/refcocog,cuda,output,models/mynet.pth,False,"['test', 'train', 'val']",10,True,"['a photo of {}', '{} in the picture', '{} in the foreground/background', 'an image showing {}']",True,matrices,False,1,512,Mean,,True,32,3,True,True,0.7,0.3,AdamW,0.9,512,1e-05,1e-06,3,80,2,0,0,false_true_1_3_true_0.7_true_adamw_0.3_1e-05_512_1e-06_2_0_0,True,"[1.6089531183242798, 1.6281583309173584, 1.5618600845336914, 1.4636286497116089, 1.6163727045059204, 1.7053438425064087, 1.6553493738174438, 1.616218090057373, 1.4890553951263428, 1.5946886539459229, 1.5595011711120605, 1.6228642463684082, 1.6454389095306396, 1.6367301940917969, 1.5966014862060547, 1.5247915983200073, 1.5712451934814453, 1.6768420934677124, 1.4481534957885742, 1.6493265628814697, 1.5283129215240479, 1.485046625137329, 1.5073959827423096, 1.4884014129638672, 1.5268059968948364, 1.5527654886245728, 1.5894720554351807, 1.6929655075073242, 1.6353578567504883, 1.4297962188720703, 1.5784523487091064, 1.5198917388916016, 1.5260539054870605, 1.5401413440704346, 1.6238105297088623, 1.646077036857605, 1.627425193786621, 1.5037304162979126, 1.5182212591171265, 1.4356191158294678, 1.5488967895507812, 1.6673842668533325, 1.53301203250885, 1.5361756086349487, 1.4911258220672607, 1.5166568756103516, 1.6703323125839233, 1.5545873641967773, 1.6244035959243774, 1.4871163368225098, 1.6451127529144287, 1.4935781955718994, 1.5856980085372925, 1.5987660884857178, 1.559354305267334, 1.5798643827438354, 1.5607030391693115, 1.5102683305740356, 1.461155891418457, 1.618685245513916, 1.6643141508102417, 1.6092051267623901, 1.4824891090393066, 1.4982692003250122, 1.5371007919311523, 1.6852037906646729, 1.5373060703277588, 1.579399824142456, 1.6071527004241943, 1.5667424201965332, 1.5504250526428223, 1.6506381034851074, 1.6223082542419434, 1.6817564964294434, 1.5499218702316284, 1.5228967666625977, 1.6410815715789795, 1.5103838443756104, 1.6555650234222412, 1.4998414516448975, 1.5625526905059814, 1.5204875469207764, 1.614830493927002, 1.5836181640625, 1.6304965019226074, 1.5643010139465332, 1.470994234085083, 1.6377309560775757, 1.5142543315887451, 1.570961356163025, 1.526167631149292, 1.5333759784698486, 1.547426700592041, 1.5700111389160156, 1.55288827419281, 1.667423963546753, 1.5153576135635376, 1.595786213874817, 1.610857605934143, 1.6095631122589111, 1.6211209297180176, 1.6147139072418213, 1.5114983320236206, 1.5571832656860352, 1.6338295936584473, 1.5295367240905762, 1.5752999782562256, 1.5169583559036255, 1.5732377767562866, 1.6382372379302979, 1.6156740188598633, 1.6449148654937744, 1.668074369430542, 1.6034432649612427, 1.6695005893707275, 1.636425256729126, 1.3908872604370117, 1.4656283855438232, 1.5387669801712036, 1.3916893005371094, 1.51015043258667, 1.4971795082092285, 1.5171858072280884, 1.6710145473480225, 1.5698840618133545, 1.5583678483963013, 1.6126692295074463, 1.5178608894348145, 1.6416490077972412, 1.5165026187896729, 1.4628355503082275, 1.6342172622680664, 1.6183409690856934, 1.6061584949493408, 1.6392353773117065, 1.6226167678833008, 1.5270787477493286, 1.4484635591506958, 1.5181132555007935, 1.4582165479660034, 1.709360122680664, 1.6579493284225464, 1.453134298324585, 1.62760591506958, 1.4371740818023682, 1.609358787536621, 1.6179906129837036, 1.541616439819336, 1.5596766471862793, 1.5488758087158203, 1.545210599899292, 1.6151783466339111, 1.5841152667999268, 1.5168883800506592, 1.6107995510101318, 1.6741228103637695, 1.5942739248275757]","[1.583160124944918, 1.5788127689650564, 1.578159190488584]",0.2263,4
5,dataset/refcocog,cuda,output,models/mynet.pth,False,"['test', 'train', 'val']",10,True,"['a photo of {}', '{} in the picture', '{} in the foreground/background', 'an image showing {}']",True,matrices,False,1,512,Mean,,True,32,3,True,True,0.7,0.3,AdamW,0.9,512,1e-05,1e-06,3,80,2,0,2,false_true_1_3_true_0.7_true_adamw_0.3_1e-05_512_1e-06_2_0_2,True,"[2.262617588043213, 3.3391098976135254, 2.284806728363037, 2.462317943572998, 2.3400278091430664, 2.202333450317383, 2.330848217010498, 2.3273401260375977, 2.3732171058654785, 2.2993838787078857, 2.3556227684020996, 2.222646474838257, 2.3206958770751953, 2.2519371509552, 2.2777013778686523, 2.1874871253967285, 2.2811965942382812, 2.1745285987854004, 2.1990702152252197, 2.3360092639923096, 2.3030800819396973, 2.8758888244628906, 2.208878517150879, 2.217255115509033, 2.2000198364257812, 2.2897884845733643, 2.238100290298462, 2.308704376220703, 2.240324020385742, 2.620309829711914, 2.412036657333374, 2.2886319160461426, 2.1808111667633057, 2.272836208343506, 2.288910150527954, 2.2727346420288086, 2.20829701423645, 2.2752177715301514, 2.288665771484375, 2.305953025817871, 2.232895612716675, 2.2872581481933594, 2.4222419261932373, 2.176466703414917, 2.345146417617798, 2.289074659347534, 2.2212014198303223, 2.3044686317443848, 2.295158863067627, 2.4217052459716797, 2.3048393726348877, 2.3060102462768555, 2.2345664501190186, 2.315152406692505, 2.3359427452087402, 2.3283448219299316, 2.3377907276153564, 2.3564937114715576, 2.5698139667510986, 2.36873197555542, 2.274082899093628, 2.2031595706939697, 2.6705799102783203, 2.2961435317993164, 2.317963123321533, 2.3378281593322754, 2.6365790367126465, 2.3486881256103516, 2.349802017211914, 2.4357335567474365, 2.2505297660827637, 2.401153087615967, 2.282504081726074, 2.2504758834838867, 2.3040637969970703, 2.3227550983428955, 2.3386611938476562, 2.255247116088867, 2.289605140686035, 2.312178373336792, 2.2590785026550293, 2.2936089038848877, 2.266937732696533, 2.2737770080566406, 2.2141308784484863, 2.3281936645507812, 2.307314395904541, 2.407435417175293, 2.3080923557281494, 2.393327236175537, 2.3164713382720947, 2.2211291790008545, 3.073887825012207, 2.2617099285125732, 2.2451438903808594, 2.256237268447876, 2.320240020751953, 2.3157448768615723, 2.444779872894287, 2.3314146995544434, 2.2098419666290283, 2.246483564376831, 2.280059337615967, 2.258059501647949, 2.335376739501953, 2.396071195602417, 2.302485466003418, 2.2770514488220215, 2.2628931999206543, 2.3596017360687256, 2.249506711959839, 2.273951530456543, 2.326904773712158, 2.230170726776123, 2.257448434829712, 2.30708646774292, 2.323566436767578, 2.592432737350464, 2.2220396995544434, 2.3300881385803223, 2.2202343940734863, 2.3094446659088135, 2.204366445541382, 2.229125738143921, 2.233896017074585, 2.131101131439209, 2.313380718231201, 2.2229645252227783, 2.313951015472412, 2.589418888092041, 2.338057518005371, 2.3053476810455322, 2.986008644104004, 2.4001574516296387, 2.3097116947174072, 2.2595953941345215, 2.3758676052093506, 2.284838914871216, 2.354837417602539, 2.3247592449188232, 2.5077972412109375, 2.3481574058532715, 2.1849889755249023, 2.2739572525024414, 2.234151601791382, 2.307861328125, 2.264836311340332, 2.201465606689453, 2.2839741706848145, 2.3258614540100098, 3.045095682144165, 2.2943215370178223, 2.309755802154541, 2.335103750228882, 2.2427425384521484, 2.252380847930908, 2.4082841873168945]","[2.843541979789734, 2.8211827314261235, 2.8723321864099214]",0.229,5
6,dataset/refcocog,cuda,output,models/mynet.pth,False,"['test', 'train', 'val']",10,True,"['a photo of {}', '{} in the picture', '{} in the foreground/background', 'an image showing {}']",True,matrices,False,1,512,Mean,,True,32,3,True,True,0.7,0.3,AdamW,0.9,512,1e-05,1e-06,3,80,2,0.001,0,false_true_1_3_true_0.7_true_adamw_0.3_1e-05_512_1e-06_2_0.001_0,True,"[1.988947868347168, 2.103245735168457, 2.037276268005371, 1.916184663772583, 2.0869741439819336, 2.1450419425964355, 2.0864758491516113, 2.069532632827759, 1.9688228368759155, 2.0342512130737305, 1.9987739324569702, 2.029940128326416, 2.13329815864563, 2.106118679046631, 2.070077657699585, 1.9656459093093872, 1.9605519771575928, 2.1446533203125, 1.861208438873291, 2.111295461654663, 1.9685587882995605, 1.9277703762054443, 1.8531324863433838, 1.9196029901504517, 1.9163011312484741, 2.0017881393432617, 2.010484457015991, 2.173706531524658, 2.094529390335083, 1.816892147064209, 1.9896824359893799, 1.9745666980743408, 1.9008889198303223, 2.0006184577941895, 2.1260740756988525, 2.1056535243988037, 2.0647075176239014, 1.9660344123840332, 1.9019970893859863, 1.8649181127548218, 2.0112290382385254, 2.187446117401123, 1.957184076309204, 1.9354592561721802, 1.8653532266616821, 1.9743647575378418, 2.0904362201690674, 1.9540936946868896, 2.094054698944092, 1.8880410194396973, 2.1420936584472656, 1.907073736190796, 1.9776417016983032, 2.0273542404174805, 1.9944560527801514, 2.031911849975586, 2.0480895042419434, 1.960710883140564, 1.8994468450546265, 2.130201816558838, 2.136874198913574, 2.0178253650665283, 1.8992620706558228, 1.9157302379608154, 1.9671471118927002, 2.1946794986724854, 1.9896425008773804, 2.083097457885742, 2.062239170074463, 2.019486427307129, 2.0214900970458984, 2.1143531799316406, 2.0750834941864014, 2.2047152519226074, 1.9259521961212158, 2.0211241245269775, 2.136662721633911, 1.955955147743225, 2.1587038040161133, 1.9329872131347656, 1.9703524112701416, 1.9862321615219116, 2.020009756088257, 2.047602891921997, 2.0752511024475098, 2.0352604389190674, 1.8782397508621216, 2.099524974822998, 1.893906831741333, 1.988239049911499, 1.9931362867355347, 1.884721040725708, 2.0155694484710693, 1.9698925018310547, 1.9830135107040405, 2.160780429840088, 1.9644683599472046, 1.992960810661316, 2.07385516166687, 2.0682120323181152, 2.047830820083618, 2.054919481277466, 1.9438754320144653, 1.9941498041152954, 2.078368902206421, 1.9980298280715942, 2.0339183807373047, 1.9467192888259888, 2.050266742706299, 2.177267551422119, 2.086684226989746, 2.148317337036133, 2.1965274810791016, 2.0023481845855713, 2.1929709911346436, 2.1516497135162354, 1.7522916793823242, 1.8906091451644897, 1.9789149761199951, 1.750319004058838, 1.8266606330871582, 1.981873869895935, 1.923269510269165, 2.165767192840576, 2.0387606620788574, 1.9655756950378418, 2.0339677333831787, 1.9580894708633423, 2.1270270347595215, 1.99993097782135, 1.9530341625213623, 2.0125675201416016, 2.0775325298309326, 2.1269595623016357, 2.1010007858276367, 2.1012682914733887, 1.9450404644012451, 1.8890165090560913, 2.047865152359009, 1.8773363828659058, 2.229882001876831, 2.151459217071533, 1.8206493854522705, 2.111222505569458, 1.8434756994247437, 2.094414234161377, 2.0615181922912598, 2.000379800796509, 2.000659227371216, 2.050144910812378, 1.9490957260131836, 2.0721147060394287, 2.0875320434570312, 2.0513081550598145, 2.027860403060913, 2.112806558609009, 2.09665846824646]","[2.0378361091469275, 2.0362085392980864, 2.0365961600433695]",0.2423,6
7,dataset/refcocog,cuda,output,models/mynet.pth,False,"['test', 'train', 'val']",10,True,"['a photo of {}', '{} in the picture', '{} in the foreground/background', 'an image showing {}']",True,matrices,False,1,512,Mean,,True,32,3,True,True,0.7,0.3,AdamW,0.9,512,1e-05,1e-06,3,80,2,0.001,2,false_true_1_3_true_0.7_true_adamw_0.3_1e-05_512_1e-06_2_0.001_2,True,"[2.6816277503967285, 4.150435924530029, 3.003505229949951, 3.728940725326538, 3.1460866928100586, 2.6803841590881348, 2.7011477947235107, 2.759937286376953, 3.129503011703491, 2.948256492614746, 2.792405605316162, 2.6706480979919434, 2.8089475631713867, 2.708517074584961, 2.9390981197357178, 2.6628825664520264, 2.847364902496338, 2.6774697303771973, 2.6108486652374268, 2.8025922775268555, 2.9248156547546387, 2.924086570739746, 2.5542240142822266, 2.7485642433166504, 2.6161069869995117, 2.8175771236419678, 2.6736416816711426, 2.916883945465088, 2.8256425857543945, 3.156195640563965, 2.8675217628479004, 2.8704044818878174, 2.556065082550049, 2.7914838790893555, 2.76572847366333, 2.9208972454071045, 2.6929268836975098, 2.6657702922821045, 2.661956310272217, 2.8557801246643066, 3.0035431385040283, 2.910917282104492, 3.0314669609069824, 2.623701572418213, 2.6672286987304688, 2.846355676651001, 2.6984763145446777, 2.7945480346679688, 2.8192853927612305, 2.986741065979004, 2.8379197120666504, 2.7687225341796875, 2.7393102645874023, 2.8392586708068848, 2.816079616546631, 2.759239673614502, 3.1063895225524902, 2.9617674350738525, 2.8931658267974854, 3.027271270751953, 2.962453842163086, 2.7068145275115967, 2.9117894172668457, 2.746797561645508, 3.1597068309783936, 2.8887040615081787, 3.0322680473327637, 2.8172426223754883, 2.8557918071746826, 2.9488489627838135, 2.7768497467041016, 3.650010585784912, 2.7048912048339844, 2.8788866996765137, 2.6616272926330566, 2.960966110229492, 2.8492865562438965, 2.7834420204162598, 2.7657973766326904, 2.903474807739258, 2.7632484436035156, 2.799438953399658, 2.6413934230804443, 2.742363691329956, 2.8244781494140625, 2.945845365524292, 2.6944518089294434, 2.828444004058838, 2.6724085807800293, 2.762629985809326, 2.8517565727233887, 2.5582804679870605, 3.4026994705200195, 2.634079694747925, 2.6958587169647217, 2.844656467437744, 2.7367238998413086, 2.6533310413360596, 3.268859386444092, 2.850220203399658, 2.6143980026245117, 2.660337448120117, 2.765186309814453, 2.7210140228271484, 2.831721782684326, 2.8189895153045654, 2.8240418434143066, 2.72249436378479, 2.785353183746338, 2.9009859561920166, 2.6740875244140625, 2.9417920112609863, 2.8515212535858154, 2.6102256774902344, 2.7518858909606934, 2.938591957092285, 2.83510684967041, 2.834028482437134, 2.7682366371154785, 2.667478561401367, 2.5483710765838623, 3.2169723510742188, 2.699800729751587, 3.0466980934143066, 2.7215211391448975, 2.5707058906555176, 2.7327046394348145, 2.681891918182373, 2.787682056427002, 3.2997498512268066, 3.168091297149658, 2.643873929977417, 2.7972891330718994, 2.905078887939453, 3.103048324584961, 2.7624282836914062, 2.7970099449157715, 2.914003849029541, 3.1677775382995605, 2.8872876167297363, 2.9702491760253906, 2.851525068283081, 2.562681198120117, 2.7842941284179688, 2.6987380981445312, 2.7955899238586426, 2.681244373321533, 2.7101047039031982, 2.83019757270813, 2.8569369316101074, 2.9706244468688965, 2.7711005210876465, 2.8406319618225098, 3.055814266204834, 2.782335042953491, 2.700845718383789, 3.0554118156433105]","[3.1479105244983328, 2.857815545616728, 2.9505441188812256]",0.2413,7
9,dataset/refcocog,cuda,output,models/mynet.pth,False,"['test', 'train', 'val']",10,True,"['a photo of {}', '{} in the picture', '{} in the foreground/background', 'an image showing {}']",True,matrices,False,1,512,Mean,,True,32,3,False,True,0.7,0.3,AdamW,0.9,512,1e-05,1e-06,3,80,0,0,2,false_true_1_3_true_0.7_false_adamw_0.3_1e-05_512_1e-06_0_0_2,True,"[0.6391522884368896, 0.6988837718963623, 0.6991218328475952, 0.8802235126495361, 0.6500552892684937, 0.5004249811172485, 0.5832171440124512, 0.688988208770752, 0.8415878415107727, 0.6565353870391846, 0.7565410137176514, 0.6278229355812073, 0.7247213125228882, 0.5659830570220947, 0.7094191312789917, 0.7175054550170898, 0.7228848338127136, 0.5059453248977661, 0.7769523859024048, 0.6458961963653564, 0.7425574064254761, 0.8874664306640625, 0.7161524295806885, 0.7351135015487671, 0.6349544525146484, 0.7141653895378113, 0.6596866846084595, 0.5791237354278564, 0.6233709454536438, 0.8023171424865723, 0.7089753150939941, 0.7719831466674805, 0.6855325698852539, 0.742688775062561, 0.6138956546783447, 0.5831595659255981, 0.5816885232925415, 0.6851425170898438, 0.7520657181739807, 0.924801230430603, 0.6582012176513672, 0.6106326580047607, 0.7858693599700928, 0.6623071432113647, 0.7620152235031128, 0.7494492530822754, 0.5366581082344055, 0.7648537158966064, 0.6708041429519653, 0.9004311561584473, 0.6317179203033447, 0.8258017301559448, 0.6059558391571045, 0.672568142414093, 0.7400220632553101, 0.7285133600234985, 0.7289448976516724, 0.8412485122680664, 0.8319234848022461, 0.7001585364341736, 0.5709624886512756, 0.6049736142158508, 0.8717120885848999, 0.7944570779800415, 0.6693570613861084, 0.6252927780151367, 0.7585544586181641, 0.7082306742668152, 0.685643196105957, 0.7297084331512451, 0.7360048294067383, 0.606598973274231, 0.6826546788215637, 0.5765535831451416, 0.7142466306686401, 0.7771268486976624, 0.655592679977417, 0.7903048992156982, 0.5706351399421692, 0.7578989267349243, 0.7166851162910461, 0.7599421739578247, 0.6164424419403076, 0.6594345569610596, 0.5692852735519409, 0.7219746112823486, 0.7945189476013184, 0.6814209222793579, 0.7981746196746826, 0.6848149299621582, 0.7720606327056885, 0.7003203630447388, 0.7814368009567261, 0.6576664447784424, 0.6943837404251099, 0.5693074464797974, 0.7603249549865723, 0.6730534434318542, 0.6309000253677368, 0.7105656862258911, 0.5609691143035889, 0.6299915909767151, 0.7398136258125305, 0.6964215040206909, 0.6631527543067932, 0.7707425951957703, 0.718629777431488, 0.7785077095031738, 0.712861180305481, 0.66451495885849, 0.6083113551139832, 0.5814088582992554, 0.599651038646698, 0.621788740158081, 0.5548313856124878, 0.6864694356918335, 0.966151237487793, 0.8599797487258911, 0.6827881932258606, 0.9739537239074707, 0.7093561887741089, 0.8349407911300659, 0.7175318598747253, 0.5461630821228027, 0.6629353761672974, 0.5784933567047119, 0.6487025022506714, 0.7232840657234192, 0.6487424373626709, 0.8090918660163879, 0.8361524343490601, 0.6367452144622803, 0.6655538082122803, 0.7217735052108765, 0.6894062757492065, 0.5951308608055115, 0.7336298823356628, 0.8680910468101501, 0.7788913249969482, 0.8974456787109375, 0.5935641527175903, 0.6155799627304077, 0.7640845775604248, 0.6508482694625854, 0.8262286186218262, 0.6934083700180054, 0.6305052638053894, 0.6788754463195801, 0.6524848341941833, 0.7910947799682617, 0.7123169898986816, 0.6551170945167542, 0.7387599945068359, 0.7474172115325928, 0.5885686874389648, 0.580597996711731, 0.7574048638343811]","[0.764862620920846, 0.7143783420324326, 0.7070609200181384]",0.2412,9
10,dataset/refcocog,cuda,output,models/mynet.pth,False,"['test', 'train', 'val']",10,True,"['a photo of {}', '{} in the picture', '{} in the foreground/background', 'an image showing {}']",True,matrices,False,1,512,Mean,,True,32,3,False,True,0.7,0.3,AdamW,0.9,512,1e-05,1e-06,3,80,0,0.001,0,false_true_1_3_true_0.7_false_adamw_0.3_1e-05_512_1e-06_0_0.001_0,True,"[0.3643893599510193, 0.4209934175014496, 0.38911858201026917, 0.4158860743045807, 0.41252005100250244, 0.3721309304237366, 0.36400100588798523, 0.40638673305511475, 0.4232059419155121, 0.41255635023117065, 0.3821786642074585, 0.38553139567375183, 0.4289930760860443, 0.4117964208126068, 0.40455523133277893, 0.39559805393218994, 0.3538215458393097, 0.4038935899734497, 0.389019638299942, 0.4061433970928192, 0.3825642168521881, 0.40501683950424194, 0.33596688508987427, 0.4035015404224396, 0.3667522072792053, 0.3840234875679016, 0.38939571380615234, 0.40605616569519043, 0.3893401026725769, 0.3622545003890991, 0.3730918765068054, 0.4082638919353485, 0.3522176742553711, 0.40846243500709534, 0.4279029369354248, 0.4122520387172699, 0.376884788274765, 0.42373040318489075, 0.33378884196281433, 0.3851735293865204, 0.40833351016044617, 0.4249802529811859, 0.38454723358154297, 0.3786514103412628, 0.3470703363418579, 0.4307936728000641, 0.378172367811203, 0.3942332863807678, 0.3979490399360657, 0.364082932472229, 0.4265817403793335, 0.4035944938659668, 0.36937934160232544, 0.36638233065605164, 0.39126577973365784, 0.406430184841156, 0.43366336822509766, 0.4103740453720093, 0.39053475856781006, 0.4675406217575073, 0.418258398771286, 0.39439016580581665, 0.39442378282546997, 0.3861800730228424, 0.39123037457466125, 0.42037850618362427, 0.3728192448616028, 0.4329552948474884, 0.39852339029312134, 0.4149071276187897, 0.41879141330718994, 0.38878366351127625, 0.40965160727500916, 0.4353390038013458, 0.33632734417915344, 0.4132348299026489, 0.4209374189376831, 0.39182227849960327, 0.42184197902679443, 0.3717493712902069, 0.3732631504535675, 0.4057486653327942, 0.35805103182792664, 0.40414080023765564, 0.4029538929462433, 0.3926020562648773, 0.39549171924591064, 0.4104349613189697, 0.35432761907577515, 0.38946881890296936, 0.4233429431915283, 0.32708120346069336, 0.40661197900772095, 0.36334866285324097, 0.39095279574394226, 0.41742730140686035, 0.40580397844314575, 0.3709144592285156, 0.39548447728157043, 0.4172147512435913, 0.39199191331863403, 0.38362929224967957, 0.3961173892021179, 0.40210139751434326, 0.3968397378921509, 0.4270433783531189, 0.42060041427612305, 0.37571486830711365, 0.4213520288467407, 0.4399683177471161, 0.40386688709259033, 0.43491464853286743, 0.4282262921333313, 0.3678695559501648, 0.4455398917198181, 0.43603405356407166, 0.3585066795349121, 0.37688136100769043, 0.3934771418571472, 0.35795190930366516, 0.31387579441070557, 0.41783657670021057, 0.36815327405929565, 0.44612613320350647, 0.4042227268218994, 0.38019201159477234, 0.3689868152141571, 0.4204227030277252, 0.4156254827976227, 0.4306013882160187, 0.44438210129737854, 0.3572862148284912, 0.38937869668006897, 0.44672971963882446, 0.4278222322463989, 0.41054701805114746, 0.40392228960990906, 0.41997119784355164, 0.4566989243030548, 0.4033769369125366, 0.44253620505332947, 0.44938790798187256, 0.3482739329338074, 0.4295884966850281, 0.37562453746795654, 0.40528830885887146, 0.37025025486946106, 0.4023980498313904, 0.3832648694515228, 0.4293880760669708, 0.39242830872535706, 0.4029943346977234, 0.43126991391181946, 0.4346234202384949, 0.37007129192352295, 0.39682888984680176, 0.4191681444644928]","[0.4076514221502073, 0.4054106209765781, 0.40360932458530774]",0.1957,10
11,dataset/refcocog,cuda,output,models/mynet.pth,False,"['test', 'train', 'val']",10,True,"['a photo of {}', '{} in the picture', '{} in the foreground/background', 'an image showing {}']",True,matrices,False,1,512,Mean,,True,32,3,False,True,0.7,0.3,AdamW,0.9,512,1e-05,1e-06,3,80,0,0.001,2,false_true_1_3_true_0.7_false_adamw_0.3_1e-05_512_1e-06_0_0.001_2,True,"[1.0059305429458618, 1.1140122413635254, 1.0810874700546265, 1.2693849802017212, 1.047812581062317, 0.8692396283149719, 0.942393958568573, 1.0901343822479248, 1.2639557123184204, 1.0664732456207275, 1.1669487953186035, 0.9959571361541748, 1.153450846672058, 0.9767172336578369, 1.1041033267974854, 1.0962718725204468, 1.0704147815704346, 0.906352162361145, 1.1582276821136475, 1.0397679805755615, 1.1323212385177612, 1.2991405725479126, 1.0428998470306396, 1.1402559280395508, 1.000639796257019, 1.0836926698684692, 1.037656545639038, 0.971824586391449, 1.007685899734497, 1.1633456945419312, 1.077544093132019, 1.164172649383545, 1.0264668464660645, 1.1367350816726685, 1.039800763130188, 0.9950085878372192, 0.9485670924186707, 1.0944468975067139, 1.1018757820129395, 1.3037229776382446, 1.0580859184265137, 1.0442728996276855, 1.155437707901001, 1.0480703115463257, 1.1032615900039673, 1.1635122299194336, 0.9065797924995422, 1.1513110399246216, 1.0781972408294678, 1.2662686109542847, 1.062767744064331, 1.2299233675003052, 0.9715036153793335, 1.0222015380859375, 1.1387262344360352, 1.1293895244598389, 1.158037781715393, 1.2385891675949097, 1.2195956707000732, 1.156144142150879, 0.9882504940032959, 0.9933621883392334, 1.24814772605896, 1.1750285625457764, 1.066143274307251, 1.047076940536499, 1.128869891166687, 1.1431174278259277, 1.0738989114761353, 1.1341768503189087, 1.136887788772583, 0.9800906181335449, 1.0729382038116455, 1.0030324459075928, 1.0382733345031738, 1.186897873878479, 1.08430814743042, 1.1854616403579712, 0.98789381980896, 1.1212445497512817, 1.0869739055633545, 1.149399757385254, 0.9722390174865723, 1.054400086402893, 0.9553217887878418, 1.1164746284484863, 1.1858526468276978, 1.098423719406128, 1.1481220722198486, 1.068972110748291, 1.2099192142486572, 1.0172488689422607, 1.1872180700302124, 1.0199155807495117, 1.0851482152938843, 0.9725735187530518, 1.1595749855041504, 1.0397239923477173, 1.0279228687286377, 1.128975749015808, 0.9463001489639282, 1.0024001598358154, 1.1275792121887207, 1.1016770601272583, 1.060797095298767, 1.201232671737671, 1.1470692157745361, 1.1482751369476318, 1.1259450912475586, 1.1091023683547974, 1.0077826976776123, 1.0065946578979492, 1.0218201875686646, 0.9766783714294434, 1.0004229545593262, 1.1078758239746094, 1.3411781787872314, 1.2308144569396973, 1.0702465772628784, 1.337525725364685, 1.023513674736023, 1.245426058769226, 1.0726397037506104, 0.9818806648254395, 1.0590856075286865, 0.9599246382713318, 1.0182076692581177, 1.1348531246185303, 1.0772552490234375, 1.2379295825958252, 1.2756751775741577, 0.9738421440124512, 1.0510345697402954, 1.1641805171966553, 1.0993585586547852, 1.001842975616455, 1.1271333694458008, 1.2854430675506592, 1.2231342792510986, 1.3074105978012085, 1.0312485694885254, 1.059922695159912, 1.1063709259033203, 1.0613739490509033, 1.1737862825393677, 1.0943907499313354, 1.0048857927322388, 1.074360728263855, 1.0327702760696411, 1.216296911239624, 1.0900022983551025, 1.0620530843734741, 1.1617310047149658, 1.1773934364318848, 0.960343599319458, 0.959333062171936, 1.1673029661178589]","[1.1549689516876682, 1.094254488294775, 1.0922546811176068]",0.1961,11
12,dataset/refcocog,cuda,output,models/mynet.pth,False,"['test', 'train', 'val']",10,True,"['a photo of {}', '{} in the picture', '{} in the foreground/background', 'an image showing {}']",True,matrices,False,1,512,Mean,,True,32,3,False,True,0.7,0.3,AdamW,0.9,512,1e-05,1e-06,3,80,2,0,0,false_true_1_3_true_0.7_false_adamw_0.3_1e-05_512_1e-06_2_0_0,True,"[1.6109793186187744, 1.6292672157287598, 1.5615172386169434, 1.463781714439392, 1.6168973445892334, 1.7051277160644531, 1.655724287033081, 1.6164873838424683, 1.4885872602462769, 1.5945138931274414, 1.5601001977920532, 1.624366044998169, 1.6460092067718506, 1.6368443965911865, 1.5965248346328735, 1.5249080657958984, 1.5714166164398193, 1.6770637035369873, 1.4487192630767822, 1.650195837020874, 1.5275986194610596, 1.4858624935150146, 1.50880765914917, 1.4898275136947632, 1.5281926393508911, 1.5532362461090088, 1.5906351804733276, 1.6939024925231934, 1.6353847980499268, 1.4302387237548828, 1.579142451286316, 1.521299123764038, 1.5261064767837524, 1.5405139923095703, 1.6238858699798584, 1.646993637084961, 1.6276586055755615, 1.5047838687896729, 1.5182337760925293, 1.4353904724121094, 1.5496869087219238, 1.6667369604110718, 1.5332332849502563, 1.5368950366973877, 1.491699457168579, 1.518417239189148, 1.6712312698364258, 1.5553138256072998, 1.6253104209899902, 1.4865128993988037, 1.6453711986541748, 1.4955205917358398, 1.5860716104507446, 1.5988680124282837, 1.5594042539596558, 1.5803263187408447, 1.5600435733795166, 1.5103157758712769, 1.4612464904785156, 1.618008017539978, 1.6648825407028198, 1.610403299331665, 1.4836957454681396, 1.498969554901123, 1.5374600887298584, 1.6856728792190552, 1.53722083568573, 1.5794079303741455, 1.6062145233154297, 1.5667115449905396, 1.5512707233428955, 1.6514604091644287, 1.6228091716766357, 1.681609869003296, 1.5502749681472778, 1.521470069885254, 1.6407867670059204, 1.5096900463104248, 1.655508041381836, 1.5000436305999756, 1.5634047985076904, 1.5206209421157837, 1.615889310836792, 1.5837852954864502, 1.6316983699798584, 1.5653480291366577, 1.470724105834961, 1.6376566886901855, 1.514665126800537, 1.5718142986297607, 1.5260474681854248, 1.535552740097046, 1.5468759536743164, 1.5700626373291016, 1.553959846496582, 1.6679363250732422, 1.5156519412994385, 1.5971132516860962, 1.6102627515792847, 1.610748052597046, 1.6213936805725098, 1.6147668361663818, 1.5110819339752197, 1.5577398538589478, 1.6342109441757202, 1.529468059539795, 1.5756866931915283, 1.5167481899261475, 1.5734001398086548, 1.6371437311172485, 1.6157336235046387, 1.644953727722168, 1.6673270463943481, 1.6039572954177856, 1.6698646545410156, 1.6354994773864746, 1.3923624753952026, 1.4663958549499512, 1.5396411418914795, 1.3927977085113525, 1.511380910873413, 1.4963011741638184, 1.5174057483673096, 1.672104835510254, 1.570328950881958, 1.5583996772766113, 1.6125909090042114, 1.5200830698013306, 1.6421949863433838, 1.5166382789611816, 1.4618124961853027, 1.6346794366836548, 1.6179059743881226, 1.6049909591674805, 1.6405813694000244, 1.6230318546295166, 1.5274994373321533, 1.4487378597259521, 1.5174896717071533, 1.4588027000427246, 1.709399700164795, 1.65779447555542, 1.4538846015930176, 1.6274354457855225, 1.4376482963562012, 1.6087696552276611, 1.618028163909912, 1.5419155359268188, 1.5599675178527832, 1.549818992614746, 1.5464550256729126, 1.6159182786941528, 1.5833678245544434, 1.5153440237045288, 1.6118080615997314, 1.6744134426116943, 1.5933358669281006]","[1.5831421162142898, 1.5788783376867122, 1.578272041046258]",0.2258,12
13,dataset/refcocog,cuda,output,models/mynet.pth,False,"['test', 'train', 'val']",10,True,"['a photo of {}', '{} in the picture', '{} in the foreground/background', 'an image showing {}']",True,matrices,False,1,512,Mean,,True,32,3,False,True,0.7,0.3,AdamW,0.9,512,1e-05,1e-06,3,80,2,0,2,false_true_1_3_true_0.7_false_adamw_0.3_1e-05_512_1e-06_2_0_2,True,"[2.2570712566375732, 2.3147783279418945, 2.2594549655914307, 2.3063907623291016, 2.2634384632110596, 2.213721752166748, 2.2540550231933594, 2.3169922828674316, 2.333995819091797, 2.2500410079956055, 2.3400208950042725, 2.233536958694458, 2.3690433502197266, 2.20676589012146, 2.280050277709961, 2.2344841957092285, 2.285445213317871, 2.1837968826293945, 2.2299678325653076, 2.2759387493133545, 2.2741870880126953, 2.363340139389038, 2.2077746391296387, 2.226047992706299, 2.168923854827881, 2.248866081237793, 2.239652633666992, 2.2674779891967773, 2.2500927448272705, 2.224640369415283, 2.2980706691741943, 2.288823127746582, 2.207000255584717, 2.266292095184326, 2.225203037261963, 2.239238739013672, 2.2111940383911133, 2.1897759437561035, 2.286872386932373, 2.3468122482299805, 2.2173666954040527, 2.2863221168518066, 2.3128461837768555, 2.1932427883148193, 2.2656054496765137, 2.2500791549682617, 2.2090320587158203, 2.2956178188323975, 2.294358253479004, 2.3948187828063965, 2.2869415283203125, 2.317410469055176, 2.191330909729004, 2.2597522735595703, 2.304054021835327, 2.304222822189331, 2.2809104919433594, 2.3307368755340576, 2.282580614089966, 2.30669903755188, 2.2467167377471924, 2.2135331630706787, 2.32905912399292, 2.286806106567383, 2.208573341369629, 2.3143272399902344, 2.287346839904785, 2.2868640422821045, 2.279334545135498, 2.277456760406494, 2.285064220428467, 2.240934371948242, 2.295612335205078, 2.2342727184295654, 2.2819807529449463, 2.284576177597046, 2.3117332458496094, 2.2972254753112793, 2.232292890548706, 2.257840156555176, 2.2808382511138916, 2.2765297889709473, 2.226588249206543, 2.242642879486084, 2.1921327114105225, 2.279083013534546, 2.261110305786133, 2.3132379055023193, 2.30730938911438, 2.2524969577789307, 2.313603401184082, 2.232973098754883, 2.3247153759002686, 2.2247304916381836, 2.246612787246704, 2.232384204864502, 2.260044574737549, 2.2577037811279297, 2.2375545501708984, 2.3199563026428223, 2.18713116645813, 2.2532129287719727, 2.250767707824707, 2.246575117111206, 2.304549217224121, 2.2943217754364014, 2.320101737976074, 2.280162811279297, 2.2717952728271484, 2.3043768405914307, 2.229491710662842, 2.2198269367218018, 2.2738454341888428, 2.219552516937256, 2.2207717895507812, 2.322486162185669, 2.332749605178833, 2.2992358207702637, 2.2269654273986816, 2.37399959564209, 2.2235989570617676, 2.3230528831481934, 2.2203893661499023, 2.2173678874969482, 2.236267328262329, 2.1470253467559814, 2.274369478225708, 2.2340471744537354, 2.3037962913513184, 2.3245620727539062, 2.287607192993164, 2.2517125606536865, 2.272772789001465, 2.337911367416382, 2.312138557434082, 2.2204251289367676, 2.2540013790130615, 2.3153510093688965, 2.276280403137207, 2.338628053665161, 2.3039767742156982, 2.264913558959961, 2.2340047359466553, 2.280653953552246, 2.2381601333618164, 2.304533004760742, 2.258852243423462, 2.2275443077087402, 2.2105627059936523, 2.3367726802825928, 2.2437026500701904, 2.2814407348632812, 2.314479112625122, 2.2536940574645996, 2.188112735748291, 2.2467474937438965, 2.327721357345581]","[2.3264940706166355, 2.2748958919987534, 2.274568671529943]",0.2259,13
14,dataset/refcocog,cuda,output,models/mynet.pth,False,"['test', 'train', 'val']",10,True,"['a photo of {}', '{} in the picture', '{} in the foreground/background', 'an image showing {}']",True,matrices,False,1,512,Mean,,True,32,3,False,True,0.7,0.3,AdamW,0.9,512,1e-05,1e-06,3,80,2,0.001,0,false_true_1_3_true_0.7_false_adamw_0.3_1e-05_512_1e-06_2_0.001_0,True,"[1.987101674079895, 2.1027798652648926, 2.0382325649261475, 1.91532301902771, 2.0856289863586426, 2.1454660892486572, 2.0854947566986084, 2.0700244903564453, 1.9687705039978027, 2.034736156463623, 1.9979629516601562, 2.029088258743286, 2.1315104961395264, 2.1062119007110596, 2.0686774253845215, 1.9660253524780273, 1.9600881338119507, 2.1427290439605713, 1.8627407550811768, 2.109369993209839, 1.9693158864974976, 1.927039623260498, 1.851228952407837, 1.9174466133117676, 1.916738748550415, 2.0005664825439453, 2.008727788925171, 2.1725335121154785, 2.094923257827759, 1.8161710500717163, 1.990923523902893, 1.9728885889053345, 1.9031399488449097, 1.9999990463256836, 2.124948740005493, 2.1040191650390625, 2.0644443035125732, 1.9653109312057495, 1.9025503396987915, 1.8633965253829956, 2.0118188858032227, 2.1871447563171387, 1.9567756652832031, 1.9347624778747559, 1.8646965026855469, 1.9713332653045654, 2.0890629291534424, 1.9554133415222168, 2.091322898864746, 1.887965440750122, 2.1408474445343018, 1.905477523803711, 1.9782967567443848, 2.0272250175476074, 1.9943625926971436, 2.0303075313568115, 2.047435998916626, 1.96058988571167, 1.898116946220398, 2.1306798458099365, 2.1354212760925293, 2.0161635875701904, 1.8979544639587402, 1.9138121604919434, 1.9655576944351196, 2.1931090354919434, 1.9886459112167358, 2.082628011703491, 2.0630228519439697, 2.018087387084961, 2.0198781490325928, 2.1121206283569336, 2.0735621452331543, 2.2049620151519775, 1.9259438514709473, 2.0215890407562256, 2.136601448059082, 1.9559106826782227, 2.1578402519226074, 1.9318782091140747, 1.9685325622558594, 1.98460853099823, 2.018460273742676, 2.045605421066284, 2.0734424591064453, 2.035095453262329, 1.8777695894241333, 2.098715305328369, 1.8950555324554443, 1.988195776939392, 1.9923572540283203, 1.8840117454528809, 2.014467716217041, 1.969683051109314, 1.9818819761276245, 2.15934419631958, 1.9645230770111084, 1.9902232885360718, 2.07344388961792, 2.0675995349884033, 2.0478575229644775, 2.053884506225586, 1.9439547061920166, 1.9920358657836914, 2.0776116847991943, 1.9973227977752686, 2.032505512237549, 1.9471501111984253, 2.049690008163452, 2.177928924560547, 2.0878477096557617, 2.147144079208374, 2.1964123249053955, 2.0024240016937256, 2.1925106048583984, 2.1519217491149902, 1.7495719194412231, 1.8895634412765503, 1.9788055419921875, 1.749528169631958, 1.825758457183838, 1.9820610284805298, 1.9232374429702759, 2.165886878967285, 2.0374460220336914, 1.966355800628662, 2.0344905853271484, 1.9558383226394653, 2.126253843307495, 1.9990285634994507, 1.953871726989746, 2.0125045776367188, 2.0769429206848145, 2.1264328956604004, 2.1001482009887695, 2.1007330417633057, 1.9450438022613525, 1.889420509338379, 2.048321485519409, 1.877478003501892, 2.2290496826171875, 2.151240587234497, 1.820353388786316, 2.1108460426330566, 1.843654990196228, 2.0957202911376953, 2.061370611190796, 1.999072551727295, 2.000502347946167, 2.049164295196533, 1.9477415084838867, 2.071171283721924, 2.086364984512329, 2.051180124282837, 2.026646852493286, 2.112074375152588, 2.09665846824646]","[2.039417398698402, 2.0388747173728365, 2.037604216373328]",0.2421,14
15,dataset/refcocog,cuda,output,models/mynet.pth,False,"['test', 'train', 'val']",10,True,"['a photo of {}', '{} in the picture', '{} in the foreground/background', 'an image showing {}']",True,matrices,False,1,512,Mean,,True,32,3,False,True,0.7,0.3,AdamW,0.9,512,1e-05,1e-06,3,80,2,0.001,2,false_true_1_3_true_0.7_false_adamw_0.3_1e-05_512_1e-06_2_0.001_2,True,"[2.637199878692627, 2.799283504486084, 2.7302188873291016, 2.752033233642578, 2.7340869903564453, 2.652510643005371, 2.6749377250671387, 2.747666835784912, 2.7999281883239746, 2.690432071685791, 2.7694668769836426, 2.65198016166687, 2.851759433746338, 2.6785409450531006, 2.7702064514160156, 2.657571792602539, 2.673093795776367, 2.658803939819336, 2.62557053565979, 2.7556395530700684, 2.7016210556030273, 2.8032827377319336, 2.5613718032836914, 2.648116111755371, 2.554258346557617, 2.707512617111206, 2.667135238647461, 2.760723352432251, 2.712958335876465, 2.601485252380371, 2.693143606185913, 2.7292399406433105, 2.558903217315674, 2.7195849418640137, 2.7364768981933594, 2.6992111206054688, 2.6299800872802734, 2.6311774253845215, 2.6456000804901123, 2.741338014602661, 2.6594531536102295, 2.8068017959594727, 2.72451114654541, 2.604151964187622, 2.6207799911499023, 2.7159781455993652, 2.6294682025909424, 2.701643228530884, 2.7761223316192627, 2.753065586090088, 2.778937339782715, 2.716444492340088, 2.5793261528015137, 2.686389684677124, 2.722097396850586, 2.7474780082702637, 2.7688021659851074, 2.7823455333709717, 2.7168750762939453, 2.8171067237854004, 2.7196967601776123, 2.6340079307556152, 2.748344898223877, 2.7032406330108643, 2.6400551795959473, 2.8293275833129883, 2.742429494857788, 2.7808756828308105, 2.732853651046753, 2.738402843475342, 2.7508082389831543, 2.716261386871338, 2.746182918548584, 2.7681546211242676, 2.619920015335083, 2.7873716354370117, 2.7937166690826416, 2.7243478298187256, 2.7278223037719727, 2.678133249282837, 2.680790424346924, 2.726191520690918, 2.6307599544525146, 2.7064363956451416, 2.647857904434204, 2.7417397499084473, 2.65718150138855, 2.7795584201812744, 2.672718048095703, 2.6727824211120605, 2.762916088104248, 2.5717415809631348, 2.783503532409668, 2.6210951805114746, 2.6659066677093506, 2.7292709350585938, 2.6977810859680176, 2.6705093383789062, 2.704418182373047, 2.7755842208862305, 2.6124727725982666, 2.6834802627563477, 2.6664888858795166, 2.6901283264160156, 2.740410327911377, 2.74824857711792, 2.7433035373687744, 2.709613561630249, 2.751683235168457, 2.835136651992798, 2.693995475769043, 2.7317562103271484, 2.796409845352173, 2.612661361694336, 2.746652126312256, 2.8289477825164795, 2.7023673057556152, 2.722597360610962, 2.660128593444824, 2.7007992267608643, 2.520240306854248, 2.793497085571289, 2.6189937591552734, 2.7182164192199707, 2.68830943107605, 2.543168306350708, 2.679403781890869, 2.667466640472412, 2.7825076580047607, 2.7965898513793945, 2.774488687515259, 2.64345121383667, 2.734541893005371, 2.843874931335449, 2.780953884124756, 2.699612617492676, 2.669309616088867, 2.730858325958252, 2.804809093475342, 2.752196788787842, 2.831157922744751, 2.7612085342407227, 2.5704994201660156, 2.7657675743103027, 2.6272084712982178, 2.774880886077881, 2.6884195804595947, 2.6684067249298096, 2.649897575378418, 2.8213889598846436, 2.658352851867676, 2.735729217529297, 2.8065614700317383, 2.78568696975708, 2.623523712158203, 2.686039924621582, 2.836679220199585]","[2.783025725321336, 2.727964070710269, 2.727641141775883]",0.2423,15
0,dataset/refcocog,cuda,output,models/mynet.pth,False,"['test', 'train', 'val']",10,True,"['a photo of {}', '{} in the picture', '{} in the foreground/background', 'an image showing {}']",True,matrices,False,1,512,Mean,output/ClipVS_experiments/experiment_0_maintr/model_weights.pth,True,32,3,True,True,0.7,0.3,AdamW,0.9,512,1e-05,1e-06,3,80,0,0,0,false_true_1_3_true_0.7_true_adamw_0.3_1e-05_512_1e-06_0_0_0,True,"[0.0, 0.0, 0.0, 0.0, 0.0, 0.0, 0.0, 0.0, 0.0, 0.0, 0.0, 0.0, 0.0, 0.0, 0.0, 0.0, 0.0, 0.0, 0.0, 0.0, 0.0, 0.0, 0.0, 0.0, 0.0, 0.0, 0.0, 0.0, 0.0, 0.0, 0.0, 0.0, 0.0, 0.0, 0.0, 0.0, 0.0, 0.0, 0.0, 0.0, 0.0, 0.0, 0.0, 0.0, 0.0, 0.0, 0.0, 0.0, 0.0, 0.0, 0.0, 0.0, 0.0, 0.0, 0.0, 0.0, 0.0, 0.0, 0.0, 0.0, 0.0, 0.0, 0.0, 0.0, 0.0, 0.0, 0.0, 0.0, 0.0, 0.0, 0.0, 0.0, 0.0, 0.0, 0.0, 0.0, 0.0, 0.0, 0.0, 0.0, 0.0, 0.0, 0.0, 0.0, 0.0, 0.0, 0.0, 0.0, 0.0, 0.0, 0.0, 0.0, 0.0, 0.0, 0.0, 0.0, 0.0, 0.0, 0.0, 0.0, 0.0, 0.0, 0.0, 0.0, 0.0, 0.0, 0.0, 0.0, 0.0, 0.0, 0.0, 0.0, 0.0, 0.0, 0.0, 0.0, 0.0, 0.0, 0.0, 0.0, 0.0, 0.0, 0.0, 0.0, 0.0, 0.0, 0.0, 0.0, 0.0, 0.0, 0.0, 0.0, 0.0, 0.0, 0.0, 0.0, 0.0, 0.0, 0.0, 0.0, 0.0, 0.0, 0.0, 0.0, 0.0, 0.0, 0.0, 0.0, 0.0, 0.0, 0.0, 0.0, 0.0, 0.0, 0.0, 0.0, 0.0]","[0.0, 0.0, 0.0]",0.2412,0
